地区	指标	地区名	指标名	2009	2010	2011	2012	2013	2014	2015	2016	2017
110000	A070609	北京市	电力消费量	739.1465	809.9	821.7054	874.3	913.1	937.05	952.7169	1020.2706	1066.8903
110000	A070701	北京市	单位地区生产总值能耗(等价值)	0.606	0.5820000000000001	0.45899999999999996	na_rep	na_rep	na_rep	na_rep	na_rep	na_rep
110000	A070702	北京市	单位地区生产总值能耗(等价值)_同比增长	-5.76	na_rep	-6.94	na_rep	na_rep	na_rep	-6.17	na_rep	na_rep
110000	A070703	北京市	单位工业增加值能耗(规模以上当量值)	0.909	na_rep	na_rep	na_rep	na_rep	na_rep	na_rep	na_rep	na_rep
110000	A070704	北京市	单位工业增加值能耗(规模以上当量值)_同比增长	-12.3	na_rep	-18.5	na_rep	na_rep	na_rep	-8.16	na_rep	na_rep
110000	A070705	北京市	单位地区生产总值电耗(等价值)	681.85	na_rep	na_rep	na_rep	na_rep	na_rep	na_rep	na_rep	na_rep
110000	A070706	北京市	单位地区生产总值电耗(等价值)_同比增长	-2.74	na_rep	-6.1	na_rep	na_rep	na_rep	-4.87	na_rep	na_rep
120000	A070609	天津市	电力消费量	550.1556	645.74	695.1506	722.5	774.5	794.36	800.6009	807.9299	805.5945
120000	A070701	天津市	单位地区生产总值能耗(等价值)	0.836	0.826	0.708	na_rep	na_rep	na_rep	na_rep	na_rep	na_rep
120000	A070702	天津市	单位地区生产总值能耗(等价值)_同比增长	-6.03	na_rep	-4.28	na_rep	na_rep	na_rep	-7.21	na_rep	na_rep
120000	A070703	天津市	单位工业增加值能耗(规模以上当量值)	0.9109999999999999	na_rep	na_rep	na_rep	na_rep	na_rep	na_rep	na_rep	na_rep
120000	A070704	天津市	单位工业增加值能耗(规模以上当量值)_同比增长	-13.54	na_rep	-7.48	na_rep	na_rep	na_rep	-13.25	na_rep	na_rep
120000	A070705	天津市	单位地区生产总值电耗(等价值)	782.88	na_rep	na_rep	na_rep	na_rep	na_rep	na_rep	na_rep	na_rep
120000	A070706	天津市	单位地区生产总值电耗(等价值)_同比增长	-8.49	na_rep	-7.48	na_rep	na_rep	na_rep	-7.77	na_rep	na_rep
130000	A070609	河北省	电力消费量	2343.8467	2691.52	2984.9043	3077.7	3251.2	3314.11	3175.6587	3264.5185	3441.7426
130000	A070701	河北省	单位地区生产总值能耗(等价值)	1.64	1.5830000000000002	1.3	na_rep	na_rep	na_rep	na_rep	na_rep	na_rep
130000	A070702	河北省	单位地区生产总值能耗(等价值)_同比增长	-5.02	na_rep	-3.69	na_rep	na_rep	na_rep	-6.14	na_rep	na_rep
130000	A070703	河北省	单位工业增加值能耗(规模以上当量值)	2.9989999999999997	na_rep	na_rep	na_rep	na_rep	na_rep	na_rep	na_rep	na_rep
130000	A070704	河北省	单位工业增加值能耗(规模以上当量值)_同比增长	-9.54	na_rep	-6.68	na_rep	na_rep	na_rep	-6.02	na_rep	na_rep
130000	A070705	河北省	单位地区生产总值电耗(等价值)	1449.94	na_rep	na_rep	na_rep	na_rep	na_rep	na_rep	na_rep	na_rep
130000	A070706	河北省	单位地区生产总值电耗(等价值)_同比增长	-2.52	na_rep	-0.36	na_rep	na_rep	na_rep	-10.28	na_rep	na_rep
140000	A070609	山西省	电力消费量	1267.5376	1460.0	1650.4099	1765.8	1832.3	1822.63	1737.2078	1797.1802	1990.6135
140000	A070701	山西省	单位地区生产总值能耗(等价值)	2.364	2.235	1.7619999999999998	na_rep	na_rep	na_rep	na_rep	na_rep	na_rep
140000	A070702	山西省	单位地区生产总值能耗(等价值)_同比增长	-5.73	na_rep	-3.55	na_rep	na_rep	na_rep	-5.31	na_rep	na_rep
140000	A070703	山西省	单位工业增加值能耗(规模以上当量值)	4.55	na_rep	na_rep	na_rep	na_rep	na_rep	na_rep	na_rep	na_rep
140000	A070704	山西省	单位工业增加值能耗(规模以上当量值)_同比增长	-8.81	na_rep	-5.82	na_rep	na_rep	na_rep	-7.48	na_rep	na_rep
140000	A070705	山西省	单位地区生产总值电耗(等价值)	1921.93	na_rep	na_rep	na_rep	na_rep	na_rep	na_rep	na_rep	na_rep
140000	A070706	山西省	单位地区生产总值电耗(等价值)_同比增长	-8.5	na_rep	0.03	na_rep	na_rep	na_rep	-7.52	na_rep	na_rep
150000	A070609	内蒙古自治区	电力消费量	1287.9256	1536.83	1864.0699	2016.8	2181.9	2416.74	2542.87242411	2605.030682	2891.8714
150000	A070701	内蒙古自治区	单位地区生产总值能耗(等价值)	2.009	1.915	1.405	na_rep	na_rep	na_rep	na_rep	na_rep	na_rep
150000	A070702	内蒙古自治区	单位地区生产总值能耗(等价值)_同比增长	-6.91	na_rep	-2.51	na_rep	na_rep	na_rep	-4.0	na_rep	na_rep
150000	A070703	内蒙古自治区	单位工业增加值能耗(规模以上当量值)	3.557	na_rep	na_rep	na_rep	na_rep	na_rep	na_rep	na_rep	na_rep
150000	A070704	内蒙古自治区	单位工业增加值能耗(规模以上当量值)_同比增长	-15.1	na_rep	-4.39	na_rep	na_rep	na_rep	-8.8	na_rep	na_rep
150000	A070705	内蒙古自治区	单位地区生产总值电耗(等价值)	1686.72	na_rep	na_rep	na_rep	na_rep	na_rep	na_rep	na_rep	na_rep
150000	A070706	内蒙古自治区	单位地区生产总值电耗(等价值)_同比增长	-9.73	na_rep	4.38	na_rep	na_rep	na_rep	-2.29	na_rep	na_rep
210000	A070609	辽宁省	电力消费量	1488.1718	1715.26	1861.5329	1899.9	2008.5	2038.73	1984.8946	2037.4042	2135.4959
210000	A070701	辽宁省	单位地区生产总值能耗(等价值)	1.439	1.38	1.0959999999999999	na_rep	na_rep	na_rep	na_rep	na_rep	na_rep
210000	A070702	辽宁省	单位地区生产总值能耗(等价值)_同比增长	-5.08	na_rep	-3.4	na_rep	na_rep	na_rep	-3.52	na_rep	na_rep
210000	A070703	辽宁省	单位工业增加值能耗(规模以上当量值)	2.2569999999999997	na_rep	na_rep	na_rep	na_rep	na_rep	na_rep	na_rep	na_rep
210000	A070704	辽宁省	单位工业增加值能耗(规模以上当量值)_同比增长	-6.95	na_rep	-5.02	na_rep	na_rep	na_rep	-1.97	na_rep	na_rep
210000	A070705	辽宁省	单位地区生产总值电耗(等价值)	1119.99	na_rep	na_rep	na_rep	na_rep	na_rep	na_rep	na_rep	na_rep
210000	A070706	辽宁省	单位地区生产总值电耗(等价值)_同比增长	-6.82	na_rep	-3.15	na_rep	na_rep	na_rep	-5.44	na_rep	na_rep
220000	A070609	吉林省	电力消费量	515.2545	576.98	630.1527	637.0	653.8	667.81	651.9580000000001	667.6273	702.9803
220000	A070701	吉林省	单位地区生产总值能耗(等价值)	1.209	1.145	0.9229999999999999	na_rep	na_rep	na_rep	na_rep	na_rep	na_rep
220000	A070702	吉林省	单位地区生产总值能耗(等价值)_同比增长	-6.19	na_rep	-3.59	na_rep	na_rep	na_rep	-10.69	na_rep	na_rep
220000	A070703	吉林省	单位工业增加值能耗(规模以上当量值)	1.621	na_rep	na_rep	na_rep	na_rep	na_rep	na_rep	na_rep	na_rep
220000	A070704	吉林省	单位工业增加值能耗(规模以上当量值)_同比增长	-8.19	na_rep	-4.19	na_rep	na_rep	na_rep	-14.44	na_rep	na_rep
220000	A070705	吉林省	单位地区生产总值电耗(等价值)	809.13	na_rep	na_rep	na_rep	na_rep	na_rep	na_rep	na_rep	na_rep
220000	A070706	吉林省	单位地区生产总值电耗(等价值)_同比增长	-8.64	na_rep	-3.9	na_rep	na_rep	na_rep	-8.33	na_rep	na_rep
230000	A070609	黑龙江省	电力消费量	688.668	747.84	801.8747	827.9	845.2	859.42	868.9722	896.6182	928.5697
230000	A070701	黑龙江省	单位地区生产总值能耗(等价值)	1.214	1.156	1.042	na_rep	na_rep	na_rep	na_rep	na_rep	na_rep
230000	A070702	黑龙江省	单位地区生产总值能耗(等价值)_同比增长	-5.85	na_rep	-3.5	na_rep	na_rep	na_rep	-4.01	na_rep	na_rep
230000	A070703	黑龙江省	单位工业增加值能耗(规模以上当量值)	1.382	na_rep	na_rep	na_rep	na_rep	na_rep	na_rep	na_rep	na_rep
230000	A070704	黑龙江省	单位工业增加值能耗(规模以上当量值)_同比增长	-9.64	na_rep	-5.17	na_rep	na_rep	na_rep	-6.52	na_rep	na_rep
230000	A070705	黑龙江省	单位地区生产总值电耗(等价值)	798.67	na_rep	na_rep	na_rep	na_rep	na_rep	na_rep	na_rep	na_rep
230000	A070706	黑龙江省	单位地区生产总值电耗(等价值)_同比增长	-7.72	na_rep	-4.43	na_rep	na_rep	na_rep	-4.31	na_rep	na_rep
310000	A070609	上海市	电力消费量	1153.3794	1295.87	1339.6248	1353.4	1410.6	1369.03	1405.5464	1486.0196	1526.7716
310000	A070701	上海市	单位地区生产总值能耗(等价值)	0.727	0.7120000000000001	0.618	na_rep	na_rep	na_rep	na_rep	na_rep	na_rep
310000	A070702	上海市	单位地区生产总值能耗(等价值)_同比增长	-6.17	na_rep	-5.32	na_rep	na_rep	na_rep	-3.92	na_rep	na_rep
310000	A070703	上海市	单位工业增加值能耗(规模以上当量值)	0.9570000000000001	na_rep	na_rep	na_rep	na_rep	na_rep	na_rep	na_rep	na_rep
310000	A070704	上海市	单位工业增加值能耗(规模以上当量值)_同比增长	-5.0	na_rep	-7.33	na_rep	na_rep	na_rep	0.15	na_rep	na_rep
310000	A070705	上海市	单位地区生产总值电耗(等价值)	808.49	na_rep	na_rep	na_rep	na_rep	na_rep	na_rep	na_rep	na_rep
310000	A070706	上海市	单位地区生产总值电耗(等价值)_同比增长	-6.39	na_rep	-4.42	na_rep	na_rep	na_rep	-4.0	na_rep	na_rep
320000	A070609	江苏省	电力消费量	3313.9857	3864.37	4281.6205	4580.9	4956.6	5012.54	5114.7024	5458.9452	5807.8899
320000	A070701	江苏省	单位地区生产总值能耗(等价值)	0.7609999999999999	0.7340000000000001	0.6	na_rep	na_rep	na_rep	na_rep	na_rep	na_rep
320000	A070702	江苏省	单位地区生产总值能耗(等价值)_同比增长	-5.17	na_rep	-3.52	na_rep	na_rep	na_rep	-6.73	na_rep	na_rep
320000	A070703	江苏省	单位工业增加值能耗(规模以上当量值)	1.107	na_rep	na_rep	na_rep	na_rep	na_rep	na_rep	na_rep	na_rep
320000	A070704	江苏省	单位工业增加值能耗(规模以上当量值)_同比增长	-10.17	na_rep	-5.41	na_rep	na_rep	na_rep	-7.79	na_rep	na_rep
320000	A070705	江苏省	单位地区生产总值电耗(等价值)	1064.25	na_rep	na_rep	na_rep	na_rep	na_rep	na_rep	na_rep	na_rep
320000	A070706	江苏省	单位地区生产总值电耗(等价值)_同比增长	-5.5	na_rep	-0.14	na_rep	na_rep	na_rep	-5.98	na_rep	na_rep
330000	A070609	浙江省	电力消费量	2471.4378	2820.93	3116.9135	3210.6	3453.1	3506.39	3553.8966	3873.1933	4192.6282
330000	A070701	浙江省	单位地区生产总值能耗(等价值)	0.741	0.7170000000000001	0.59	na_rep	na_rep	na_rep	na_rep	na_rep	na_rep
330000	A070702	浙江省	单位地区生产总值能耗(等价值)_同比增长	-5.41	na_rep	-3.07	na_rep	na_rep	na_rep	-3.53	na_rep	na_rep
330000	A070703	浙江省	单位工业增加值能耗(规模以上当量值)	1.123	na_rep	na_rep	na_rep	na_rep	na_rep	na_rep	na_rep	na_rep
330000	A070704	浙江省	单位工业增加值能耗(规模以上当量值)_同比增长	-4.96	na_rep	-2.4	na_rep	na_rep	na_rep	-4.37	na_rep	na_rep
330000	A070705	浙江省	单位地区生产总值电耗(等价值)	1176.5	na_rep	na_rep	na_rep	na_rep	na_rep	na_rep	na_rep	na_rep
330000	A070706	浙江省	单位地区生产总值电耗(等价值)_同比增长	-2.33	na_rep	1.41	na_rep	na_rep	na_rep	-6.12	na_rep	na_rep
340000	A070609	安徽省	电力消费量	952.3056	1077.91	1221.1876	1361.1	1528.1	1585.18	1639.7885	1794.9838	1921.4817
340000	A070701	安徽省	单位地区生产总值能耗(等价值)	1.0170000000000001	0.9690000000000001	0.754	na_rep	na_rep	na_rep	na_rep	na_rep	na_rep
340000	A070702	安徽省	单位地区生产总值能耗(等价值)_同比增长	-5.39	na_rep	-4.06	na_rep	na_rep	na_rep	-5.58	na_rep	na_rep
340000	A070703	安徽省	单位工业增加值能耗(规模以上当量值)	2.1	na_rep	na_rep	na_rep	na_rep	na_rep	na_rep	na_rep	na_rep
340000	A070704	安徽省	单位工业增加值能耗(规模以上当量值)_同比增长	-11.13	na_rep	-9.54	na_rep	na_rep	na_rep	-9.04	na_rep	na_rep
340000	A070705	安徽省	单位地区生产总值电耗(等价值)	1088.76	na_rep	na_rep	na_rep	na_rep	na_rep	na_rep	na_rep	na_rep
340000	A070706	安徽省	单位地区生产总值电耗(等价值)_同比增长	-1.83	na_rep	-0.15	na_rep	na_rep	na_rep	-4.87	na_rep	na_rep
350000	A070609	福建省	电力消费量	1134.9185	1315.09	1515.8603	1579.5	1700.7	1855.79	1851.859	1968.5769	2112.7185
350000	A070701	福建省	单位地区生产总值能耗(等价值)	0.8109999999999999	0.7829999999999999	0.644	na_rep	na_rep	na_rep	na_rep	na_rep	na_rep
350000	A070702	福建省	单位地区生产总值能耗(等价值)_同比增长	-3.81	na_rep	-3.29	na_rep	na_rep	na_rep	-7.7	na_rep	na_rep
350000	A070703	福建省	单位工业增加值能耗(规模以上当量值)	1.15	na_rep	na_rep	na_rep	na_rep	na_rep	na_rep	na_rep	na_rep
350000	A070704	福建省	单位工业增加值能耗(规模以上当量值)_同比增长	-2.7	na_rep	-1.16	na_rep	na_rep	na_rep	-16.43	na_rep	na_rep
350000	A070705	福建省	单位地区生产总值电耗(等价值)	1032.05	na_rep	na_rep	na_rep	na_rep	na_rep	na_rep	na_rep	na_rep
350000	A070706	福建省	单位地区生产总值电耗(等价值)_同比增长	-5.87	na_rep	2.73	na_rep	na_rep	na_rep	-8.42	na_rep	na_rep
360000	A070609	江西省	电力消费量	609.2236	700.51	835.0953	867.7	947.1	1018.52	1087.2598	1182.5013	1293.9826
360000	A070701	江西省	单位地区生产总值能耗(等价值)	0.88	0.845	0.6509999999999999	na_rep	na_rep	na_rep	na_rep	na_rep	na_rep
360000	A070702	江西省	单位地区生产总值能耗(等价值)_同比增长	-4.54	na_rep	-3.08	na_rep	na_rep	na_rep	-3.92	na_rep	na_rep
360000	A070703	江西省	单位工业增加值能耗(规模以上当量值)	1.6740000000000002	na_rep	na_rep	na_rep	na_rep	na_rep	na_rep	na_rep	na_rep
360000	A070704	江西省	单位工业增加值能耗(规模以上当量值)_同比增长	-10.13	na_rep	-6.87	na_rep	na_rep	na_rep	-6.7	na_rep	na_rep
360000	A070705	江西省	单位地区生产总值电耗(等价值)	922.46	na_rep	na_rep	na_rep	na_rep	na_rep	na_rep	na_rep	na_rep
360000	A070706	江西省	单位地区生产总值电耗(等价值)_同比增长	-1.52	na_rep	2.3	na_rep	na_rep	na_rep	-2.12	na_rep	na_rep
370000	A070609	山东省	电力消费量	2941.0672	3298.46	3635.2555	3794.6	4083.1	4223.49	5117.04645122	5390.7472	5430.1595
370000	A070701	山东省	单位地区生产总值能耗(等价值)	1.072	1.025	0.855	na_rep	na_rep	na_rep	na_rep	na_rep	na_rep
370000	A070702	山东省	单位地区生产总值能耗(等价值)_同比增长	-5.46	na_rep	-3.77	na_rep	na_rep	na_rep	-3.72	na_rep	na_rep
370000	A070703	山东省	单位工业增加值能耗(规模以上当量值)	1.5430000000000001	na_rep	na_rep	na_rep	na_rep	na_rep	na_rep	na_rep	na_rep
370000	A070704	山东省	单位工业增加值能耗(规模以上当量值)_同比增长	-9.2	na_rep	-7.67	na_rep	na_rep	na_rep	-7.88	na_rep	na_rep
370000	A070705	山东省	单位地区生产总值电耗(等价值)	972.49	na_rep	na_rep	na_rep	na_rep	na_rep	na_rep	na_rep	na_rep
370000	A070706	山东省	单位地区生产总值电耗(等价值)_同比增长	-3.86	na_rep	-0.58	na_rep	na_rep	na_rep	-6.49	na_rep	na_rep
410000	A070609	河南省	电力消费量	2081.3756	2353.96	2659.1439	2747.7	2899.2	2919.57	2879.6157	2989.1526	3166.1685
410000	A070701	河南省	单位地区生产总值能耗(等价值)	1.156	1.115	0.895	na_rep	na_rep	na_rep	na_rep	na_rep	na_rep
410000	A070702	河南省	单位地区生产总值能耗(等价值)_同比增长	-6.16	na_rep	-3.57	na_rep	na_rep	na_rep	-6.57	na_rep	na_rep
410000	A070703	河南省	单位工业增加值能耗(规模以上当量值)	2.708	na_rep	na_rep	na_rep	na_rep	na_rep	na_rep	na_rep	na_rep
410000	A070704	河南省	单位工业增加值能耗(规模以上当量值)_同比增长	-11.56	na_rep	-8.6	na_rep	na_rep	na_rep	-11.54	na_rep	na_rep
410000	A070705	河南省	单位地区生产总值电耗(等价值)	1218.36	na_rep	na_rep	na_rep	na_rep	na_rep	na_rep	na_rep	na_rep
410000	A070706	河南省	单位地区生产总值电耗(等价值)_同比增长	-4.79	na_rep	1.27	na_rep	na_rep	na_rep	-8.94	na_rep	na_rep
420000	A070609	湖北省	电力消费量	1135.1268	1330.44	1450.761	1507.9	1629.8	1656.54	1665.1571	1763.1099	1868.9963
420000	A070701	湖北省	单位地区生产总值能耗(等价值)	1.23	1.183	0.912	na_rep	na_rep	na_rep	na_rep	na_rep	na_rep
420000	A070702	湖北省	单位地区生产总值能耗(等价值)_同比增长	-5.97	na_rep	-3.79	na_rep	na_rep	na_rep	-7.66	na_rep	na_rep
420000	A070703	湖北省	单位工业增加值能耗(规模以上当量值)	2.35	na_rep	na_rep	na_rep	na_rep	na_rep	na_rep	na_rep	na_rep
420000	A070704	湖北省	单位工业增加值能耗(规模以上当量值)_同比增长	-12.27	na_rep	-6.88	na_rep	na_rep	na_rep	-10.05	na_rep	na_rep
420000	A070705	湖北省	单位地区生产总值电耗(等价值)	1018.45	na_rep	na_rep	na_rep	na_rep	na_rep	na_rep	na_rep	na_rep
420000	A070706	湖北省	单位地区生产总值电耗(等价值)_同比增长	-5.52	na_rep	-4.2	na_rep	na_rep	na_rep	-7.65	na_rep	na_rep
430000	A070609	湖南省	电力消费量	1010.5702	1171.91	1293.4368	1346.5	1423.1	1430.88	1447.6266	1495.6512	1581.5138
430000	A070701	湖南省	单位地区生产总值能耗(等价值)	1.202	1.17	0.894	na_rep	na_rep	na_rep	na_rep	na_rep	na_rep
430000	A070702	湖南省	单位地区生产总值能耗(等价值)_同比增长	-5.1	na_rep	-3.68	na_rep	na_rep	na_rep	-6.98	na_rep	na_rep
430000	A070703	湖南省	单位工业增加值能耗(规模以上当量值)	1.57	na_rep	na_rep	na_rep	na_rep	na_rep	na_rep	na_rep	na_rep
430000	A070704	湖南省	单位工业增加值能耗(规模以上当量值)_同比增长	-13.68	na_rep	-8.61	na_rep	na_rep	na_rep	-12.69	na_rep	na_rep
430000	A070705	湖南省	单位地区生产总值电耗(等价值)	911.0	na_rep	na_rep	na_rep	na_rep	na_rep	na_rep	na_rep	na_rep
430000	A070706	湖南省	单位地区生产总值电耗(等价值)_同比增长	-3.05	na_rep	-2.1	na_rep	na_rep	na_rep	-6.82	na_rep	na_rep
440000	A070609	广东省	电力消费量	3609.6424	4060.13	4399.0168	4619.4	4830.1	5235.23	5310.69192152	5610.1342030000005	5958.9678
440000	A070701	广东省	单位地区生产总值能耗(等价值)	0.684	0.664	0.563	na_rep	na_rep	na_rep	na_rep	na_rep	na_rep
440000	A070702	广东省	单位地区生产总值能耗(等价值)_同比增长	-4.27	na_rep	-3.78	na_rep	na_rep	na_rep	-5.71	na_rep	na_rep
440000	A070703	广东省	单位工业增加值能耗(规模以上当量值)	0.809	na_rep	na_rep	na_rep	na_rep	na_rep	na_rep	na_rep	na_rep
440000	A070704	广东省	单位工业增加值能耗(规模以上当量值)_同比增长	-6.94	na_rep	-5.13	na_rep	na_rep	na_rep	-10.47	na_rep	na_rep
440000	A070705	广东省	单位地区生产总值电耗(等价值)	1002.09	na_rep	na_rep	na_rep	na_rep	na_rep	na_rep	na_rep	na_rep
440000	A070706	广东省	单位地区生产总值电耗(等价值)_同比增长	-6.13	na_rep	-1.46	na_rep	na_rep	na_rep	-6.08	na_rep	na_rep
450000	A070609	广西壮族自治区	电力消费量	856.3511	993.24	1112.2063	1153.9	1237.7	1307.99	1334.3203	1359.6487960000002	1442.3388
450000	A070701	广西壮族自治区	单位地区生产总值能耗(等价值)	1.057	1.036	0.8	na_rep	na_rep	na_rep	na_rep	na_rep	na_rep
450000	A070702	广西壮族自治区	单位地区生产总值能耗(等价值)_同比增长	-4.43	na_rep	-3.36	na_rep	na_rep	na_rep	-5.11	na_rep	na_rep
450000	A070703	广西壮族自治区	单位工业增加值能耗(规模以上当量值)	2.235	na_rep	na_rep	na_rep	na_rep	na_rep	na_rep	na_rep	na_rep
450000	A070704	广西壮族自治区	单位工业增加值能耗(规模以上当量值)_同比增长	-6.68	na_rep	-6.13	na_rep	na_rep	na_rep	-12.3	na_rep	na_rep
450000	A070705	广西壮族自治区	单位地区生产总值电耗(等价值)	1279.87	na_rep	na_rep	na_rep	na_rep	na_rep	na_rep	na_rep	na_rep
450000	A070706	广西壮族自治区	单位地区生产总值电耗(等价值)_同比增长	-2.0	na_rep	-0.28	na_rep	na_rep	na_rep	-5.62	na_rep	na_rep
460000	A070609	海南省	电力消费量	133.7675	159.02	185.2811	210.3	232.0	251.88	272.356088	287.31178900000003	304.8278
460000	A070701	海南省	单位地区生产总值能耗(等价值)	0.85	0.8079999999999999	0.6920000000000001	na_rep	na_rep	na_rep	na_rep	na_rep	na_rep
460000	A070702	海南省	单位地区生产总值能耗(等价值)_同比增长	-2.81	na_rep	5.23	na_rep	na_rep	na_rep	-1.27	na_rep	na_rep
460000	A070703	海南省	单位工业增加值能耗(规模以上当量值)	2.613	na_rep	na_rep	na_rep	na_rep	na_rep	na_rep	na_rep	na_rep
460000	A070704	海南省	单位工业增加值能耗(规模以上当量值)_同比增长	-4.53	na_rep	12.53	na_rep	na_rep	na_rep	-0.56	na_rep	na_rep
460000	A070705	海南省	单位地区生产总值电耗(等价值)	922.89	na_rep	na_rep	na_rep	na_rep	na_rep	na_rep	na_rep	na_rep
460000	A070706	海南省	单位地区生产总值电耗(等价值)_同比增长	-2.61	na_rep	3.94	na_rep	na_rep	na_rep	0.31	na_rep	na_rep
500000	A070609	重庆市	电力消费量	533.7976	626.44	717.0331	723.5	813.3	867.24	875.3737256000001	924.894756	992.6489999999999
500000	A070701	重庆市	单位地区生产总值能耗(等价值)	1.181	1.127	0.953	na_rep	na_rep	na_rep	na_rep	na_rep	na_rep
500000	A070702	重庆市	单位地区生产总值能耗(等价值)_同比增长	-5.5	na_rep	-3.81	na_rep	na_rep	na_rep	-6.31	na_rep	na_rep
500000	A070703	重庆市	单位工业增加值能耗(规模以上当量值)	1.854	na_rep	na_rep	na_rep	na_rep	na_rep	na_rep	na_rep	na_rep
500000	A070704	重庆市	单位工业增加值能耗(规模以上当量值)_同比增长	-11.95	na_rep	-5.31	na_rep	na_rep	na_rep	-8.36	na_rep	na_rep
500000	A070705	重庆市	单位地区生产总值电耗(等价值)	894.27	na_rep	na_rep	na_rep	na_rep	na_rep	na_rep	na_rep	na_rep
500000	A070706	重庆市	单位地区生产总值电耗(等价值)_同比增长	-4.69	na_rep	-1.63	na_rep	na_rep	na_rep	-9.06	na_rep	na_rep
510000	A070609	四川省	电力消费量	1324.61	1549.03	1751.4395	1830.7	1949.0	2014.79	1992.401	2101.0239	2205.1786
510000	A070701	四川省	单位地区生产总值能耗(等价值)	1.338	1.275	0.997	na_rep	na_rep	na_rep	na_rep	na_rep	na_rep
510000	A070702	四川省	单位地区生产总值能耗(等价值)_同比增长	-5.83	na_rep	-4.23	na_rep	na_rep	na_rep	-7.25	na_rep	na_rep
510000	A070703	四川省	单位工业增加值能耗(规模以上当量值)	2.249	na_rep	na_rep	na_rep	na_rep	na_rep	na_rep	na_rep	na_rep
510000	A070704	四川省	单位工业增加值能耗(规模以上当量值)_同比增长	-9.18	na_rep	-7.78	na_rep	na_rep	na_rep	-12.05	na_rep	na_rep
510000	A070705	四川省	单位地区生产总值电耗(等价值)	1085.91	na_rep	na_rep	na_rep	na_rep	na_rep	na_rep	na_rep	na_rep
510000	A070706	四川省	单位地区生产总值电耗(等价值)_同比增长	-4.66	na_rep	-1.87	na_rep	na_rep	na_rep	-8.35	na_rep	na_rep
520000	A070609	贵州省	电力消费量	750.3007	835.38	944.1312	1046.7	1126.3	1173.74	1174.20671289	1241.7834679999999	1384.8851
520000	A070701	贵州省	单位地区生产总值能耗(等价值)	2.3480000000000003	2.248	1.714	na_rep	na_rep	na_rep	na_rep	na_rep	na_rep
520000	A070702	贵州省	单位地区生产总值能耗(等价值)_同比增长	-4.12	na_rep	-3.51	na_rep	na_rep	na_rep	-7.46	na_rep	na_rep
520000	A070703	贵州省	单位工业增加值能耗(规模以上当量值)	4.32	na_rep	na_rep	na_rep	na_rep	na_rep	na_rep	na_rep	na_rep
520000	A070704	贵州省	单位工业增加值能耗(规模以上当量值)_同比增长	-0.03	na_rep	-8.02	na_rep	na_rep	na_rep	-10.84	na_rep	na_rep
520000	A070705	贵州省	单位地区生产总值电耗(等价值)	2328.02	na_rep	na_rep	na_rep	na_rep	na_rep	na_rep	na_rep	na_rep
520000	A070706	贵州省	单位地区生产总值电耗(等价值)_同比增长	-0.83	na_rep	-1.7	na_rep	na_rep	na_rep	-9.66	na_rep	na_rep
530000	A070609	云南省	电力消费量	891.1902	1004.07	1204.0714	1315.9	1459.8	1529.38	1438.607231	1410.5204019999999	1538.1041
530000	A070701	云南省	单位地区生产总值能耗(等价值)	1.495	1.4380000000000002	1.162	na_rep	na_rep	na_rep	na_rep	na_rep	na_rep
530000	A070702	云南省	单位地区生产总值能耗(等价值)_同比增长	-4.6	na_rep	-3.22	na_rep	na_rep	na_rep	-8.83	na_rep	na_rep
530000	A070703	云南省	单位工业增加值能耗(规模以上当量值)	2.739	na_rep	na_rep	na_rep	na_rep	na_rep	na_rep	na_rep	na_rep
530000	A070704	云南省	单位工业增加值能耗(规模以上当量值)_同比增长	-3.78	na_rep	-9.92	na_rep	na_rep	na_rep	-16.84	na_rep	na_rep
530000	A070705	云南省	单位地区生产总值电耗(等价值)	1591.1	na_rep	na_rep	na_rep	na_rep	na_rep	na_rep	na_rep	na_rep
530000	A070706	云南省	单位地区生产总值电耗(等价值)_同比增长	-4.16	na_rep	5.47	na_rep	na_rep	na_rep	-13.43	na_rep	na_rep
540000	A070609	西藏自治区	电力消费量	17.6987	20.41	23.7659	27.8	30.7	33.98	40.5334	49.2205	58.1888
540000	A070701	西藏自治区	单位地区生产总值能耗(等价值)	na_rep	1.276	na_rep	na_rep	na_rep	na_rep	na_rep	na_rep	na_rep
610000	A070609	陕西省	电力消费量	740.1138	859.22	982.4682	1066.7	1152.2	1226.01	1221.72923541	1357.06078	1494.7498
610000	A070701	陕西省	单位地区生产总值能耗(等价值)	1.172	1.129	0.846	na_rep	na_rep	na_rep	na_rep	na_rep	na_rep
610000	A070702	陕西省	单位地区生产总值能耗(等价值)_同比增长	-4.56	na_rep	-3.56	na_rep	na_rep	na_rep	-3.21	na_rep	na_rep
610000	A070703	陕西省	单位工业增加值能耗(规模以上当量值)	1.367	na_rep	na_rep	na_rep	na_rep	na_rep	na_rep	na_rep	na_rep
610000	A070704	陕西省	单位工业增加值能耗(规模以上当量值)_同比增长	-5.82	na_rep	-5.6	na_rep	na_rep	na_rep	-2.7	na_rep	na_rep
610000	A070705	陕西省	单位地区生产总值电耗(等价值)	1078.51	na_rep	na_rep	na_rep	na_rep	na_rep	na_rep	na_rep	na_rep
610000	A070706	陕西省	单位地区生产总值电耗(等价值)_同比增长	-7.98	na_rep	0.38	na_rep	na_rep	na_rep	-7.7	na_rep	na_rep
620000	A070609	甘肃省	电力消费量	705.5127	804.43	923.4465	994.6	1073.2	1095.48	1098.7197	1065.1525	1164.366
620000	A070701	甘肃省	单位地区生产总值能耗(等价值)	1.864	1.801	1.402	na_rep	na_rep	na_rep	na_rep	na_rep	na_rep
620000	A070702	甘肃省	单位地区生产总值能耗(等价值)_同比增长	-6.97	na_rep	-2.51	na_rep	na_rep	na_rep	-7.46	na_rep	na_rep
620000	A070703	甘肃省	单位工业增加值能耗(规模以上当量值)	3.53	na_rep	na_rep	na_rep	na_rep	na_rep	na_rep	na_rep	na_rep
620000	A070704	甘肃省	单位工业增加值能耗(规模以上当量值)_同比增长	-12.84	na_rep	-1.96	na_rep	na_rep	na_rep	-10.66	na_rep	na_rep
620000	A070705	甘肃省	单位地区生产总值电耗(等价值)	2398.81	na_rep	na_rep	na_rep	na_rep	na_rep	na_rep	na_rep	na_rep
620000	A070706	甘肃省	单位地区生产总值电耗(等价值)_同比增长	-5.55	na_rep	2.07	na_rep	na_rep	na_rep	-7.2	na_rep	na_rep
630000	A070609	青海省	电力消费量	337.2368	465.18	560.6835	602.2	676.3	723.21	657.9958	637.5124	687.0145
630000	A070701	青海省	单位地区生产总值能耗(等价值)	2.6889999999999996	2.55	2.081	na_rep	na_rep	na_rep	na_rep	na_rep	na_rep
630000	A070702	青海省	单位地区生产总值能耗(等价值)_同比增长	-6.46	na_rep	9.44	na_rep	na_rep	na_rep	-4.26	na_rep	na_rep
630000	A070703	青海省	单位工业增加值能耗(规模以上当量值)	2.9360000000000004	na_rep	na_rep	na_rep	na_rep	na_rep	na_rep	na_rep	na_rep
630000	A070704	青海省	单位工业增加值能耗(规模以上当量值)_同比增长	-9.46	na_rep	9.62	na_rep	na_rep	na_rep	-5.49	na_rep	na_rep
630000	A070705	青海省	单位地区生产总值电耗(等价值)	3862.12	na_rep	na_rep	na_rep	na_rep	na_rep	na_rep	na_rep	na_rep
630000	A070706	青海省	单位地区生产总值电耗(等价值)_同比增长	-2.24	na_rep	6.24	na_rep	na_rep	na_rep	-15.89	na_rep	na_rep
640000	A070609	宁夏回族自治区	电力消费量	462.9585	546.77	724.5393	741.8	811.2	848.75	878.3285	886.9108	978.3029
640000	A070701	宁夏回族自治区	单位地区生产总值能耗(等价值)	3.4539999999999997	3.3080000000000003	2.279	na_rep	na_rep	na_rep	na_rep	na_rep	na_rep
640000	A070702	宁夏回族自治区	单位地区生产总值能耗(等价值)_同比增长	-6.26	na_rep	4.6	na_rep	na_rep	na_rep	1.2	na_rep	na_rep
640000	A070703	宁夏回族自治区	单位工业增加值能耗(规模以上当量值)	6.5089999999999995	na_rep	na_rep	na_rep	na_rep	na_rep	na_rep	na_rep	na_rep
640000	A070704	宁夏回族自治区	单位工业增加值能耗(规模以上当量值)_同比增长	-8.71	na_rep	14.72	na_rep	na_rep	na_rep	-2.96	na_rep	na_rep
640000	A070705	宁夏回族自治区	单位地区生产总值电耗(等价值)	4720.74	na_rep	na_rep	na_rep	na_rep	na_rep	na_rep	na_rep	na_rep
640000	A070706	宁夏回族自治区	单位地区生产总值电耗(等价值)_同比增长	-5.9	na_rep	18.36	na_rep	na_rep	na_rep	-4.16	na_rep	na_rep
650000	A070609	新疆维吾尔自治区	电力消费量	547.8766	661.96	839.1044	1151.5	1539.8	1900.24	2160.3427	2316.4552	2000.9378
650000	A070701	新疆维吾尔自治区	单位地区生产总值能耗(等价值)	1.9340000000000002	na_rep	1.631	na_rep	na_rep	na_rep	na_rep	na_rep	na_rep
650000	A070702	新疆维吾尔自治区	单位地区生产总值能耗(等价值)_同比增长	-1.53	na_rep	6.96	na_rep	na_rep	na_rep	-3.63	na_rep	na_rep
650000	A070703	新疆维吾尔自治区	单位工业增加值能耗(规模以上当量值)	3.095	na_rep	na_rep	na_rep	na_rep	na_rep	na_rep	na_rep	na_rep
650000	A070704	新疆维吾尔自治区	单位工业增加值能耗(规模以上当量值)_同比增长	-1.72	na_rep	9.28	na_rep	na_rep	na_rep	-2.95	na_rep	na_rep
650000	A070705	新疆维吾尔自治区	单位地区生产总值电耗(等价值)	1408.2	na_rep	na_rep	na_rep	na_rep	na_rep	na_rep	na_rep	na_rep
650000	A070706	新疆维吾尔自治区	单位地区生产总值电耗(等价值)_同比增长	5.73	na_rep	14.69	na_rep	na_rep	na_rep	2.75	na_rep	na_rep
